{"cameraMode":{"drawMode":0,"name":"Shaded","section":"Shading Mode"},"sceneLighting":true,"audioPlay":false,"sceneViewState":{"m_AlwaysRefresh":false,"showFog":true,"showSkybox":false,"showFlares":true,"showImageEffects":true,"showParticleSystems":true,"showVisualEffectGraphs":true,"m_FxEnabled":true},"in2DMode":false,"pivot":{"x":0.5994929671287537,"y":0.18057262897491456,"z":2.2306697368621828},"rotation":{"x":-0.21854370832443238,"y":0.5511201024055481,"z":-0.15247851610183717,"w":-0.7908620834350586},"size":5.868187427520752,"orthographic":false}