{"cameraMode":{"drawMode":0,"name":"Shaded","section":"Shading Mode"},"sceneLighting":false,"audioPlay":false,"sceneViewState":{"m_AlwaysRefresh":false,"showFog":true,"showSkybox":false,"showFlares":true,"showImageEffects":true,"showParticleSystems":true,"showVisualEffectGraphs":true,"m_FxEnabled":true},"in2DMode":false,"pivot":{"x":0.8019063472747803,"y":4.418368339538574,"z":0.13919197022914887},"rotation":{"x":0.11864887923002243,"y":-0.46754249930381777,"z":0.06355725973844528,"w":0.8736627101898193},"size":6.804139137268066,"orthographic":false}