{"cameraMode":{"drawMode":0,"name":"Shaded","section":"Shading Mode"},"sceneLighting":false,"audioPlay":false,"sceneViewState":{"m_AlwaysRefresh":false,"showFog":true,"showSkybox":false,"showFlares":true,"showImageEffects":true,"showParticleSystems":true,"showVisualEffectGraphs":true,"m_FxEnabled":true},"in2DMode":false,"pivot":{"x":0.10170190036296845,"y":0.7384960055351257,"z":0.22265063226222993},"rotation":{"x":0.008026473224163056,"y":-0.9761435985565186,"z":0.03662249818444252,"w":0.2138802409172058},"size":1.1023849248886109,"orthographic":false}