{"cameraMode":{"drawMode":0,"name":"Shaded","section":"Shading Mode"},"sceneLighting":true,"audioPlay":false,"sceneViewState":{"m_AlwaysRefresh":false,"showFog":true,"showSkybox":false,"showFlares":true,"showImageEffects":true,"showParticleSystems":true,"showVisualEffectGraphs":true,"m_FxEnabled":true},"in2DMode":false,"pivot":{"x":2.8766560554504396,"y":0.7613897323608398,"z":1.763411521911621},"rotation":{"x":-0.2228589951992035,"y":0.15534000098705293,"z":-0.036139439791440967,"w":-0.9618248343467712},"size":8.418806076049805,"orthographic":false}