{"cameraMode":{"drawMode":0,"name":"Shaded","section":"Shading Mode"},"sceneLighting":true,"audioPlay":false,"sceneViewState":{"m_AlwaysRefresh":false,"showFog":true,"showSkybox":false,"showFlares":true,"showImageEffects":true,"showParticleSystems":true,"showVisualEffectGraphs":true,"m_FxEnabled":true},"in2DMode":false,"pivot":{"x":1.2666702270507813,"y":0.2750554084777832,"z":1.1128630638122559},"rotation":{"x":-0.24124598503112794,"y":0.26069578528404238,"z":-0.06760098785161972,"w":-0.9324579238891602},"size":5.868187427520752,"orthographic":false}