{"cameraMode":{"drawMode":0,"name":"Shaded","section":"Shading Mode"},"sceneLighting":false,"audioPlay":false,"sceneViewState":{"m_AlwaysRefresh":false,"showFog":true,"showSkybox":false,"showFlares":true,"showImageEffects":true,"showParticleSystems":true,"showVisualEffectGraphs":true,"m_FxEnabled":true},"in2DMode":false,"pivot":{"x":-0.24137450754642487,"y":0.4630089998245239,"z":-1.6007475852966309},"rotation":{"x":0.00026428065029904246,"y":-0.9961517453193665,"z":0.017756041139364244,"w":0.0884198322892189},"size":1.9078153371810914,"orthographic":false}