{"cameraMode":{"drawMode":0,"name":"Shaded","section":"Shading Mode"},"sceneLighting":true,"audioPlay":false,"sceneViewState":{"m_AlwaysRefresh":false,"showFog":true,"showSkybox":false,"showFlares":true,"showImageEffects":true,"showParticleSystems":true,"showVisualEffectGraphs":true,"m_FxEnabled":true},"in2DMode":false,"pivot":{"x":2.3994386196136476,"y":-3.8545775413513185,"z":4.051863193511963},"rotation":{"x":-0.3131367266178131,"y":-0.14437617361545564,"z":0.042066168040037158,"w":-0.9380585551261902},"size":5.868187427520752,"orthographic":false}