{"cameraMode":{"drawMode":0,"name":"Shaded","section":"Shading Mode"},"sceneLighting":false,"audioPlay":false,"sceneViewState":{"m_AlwaysRefresh":false,"showFog":true,"showSkybox":false,"showFlares":true,"showImageEffects":true,"showParticleSystems":true,"showVisualEffectGraphs":true,"m_FxEnabled":true},"in2DMode":false,"pivot":{"x":0.22367124259471894,"y":1.2028359174728394,"z":0.5404309034347534},"rotation":{"x":0.01816065050661564,"y":-0.9695117473602295,"z":0.07577551156282425,"w":0.2323276847600937},"size":1.7619520425796509,"orthographic":false}