{"cameraMode":{"drawMode":0,"name":"Shaded","section":"Shading Mode"},"sceneLighting":false,"audioPlay":false,"sceneViewState":{"m_AlwaysRefresh":false,"showFog":true,"showSkybox":false,"showFlares":true,"showImageEffects":true,"showParticleSystems":true,"showVisualEffectGraphs":true,"m_FxEnabled":true},"in2DMode":false,"pivot":{"x":1.341104507446289e-7,"y":0.11373412609100342,"z":0.010366875678300858},"rotation":{"x":0.04056047275662422,"y":-0.8288553953170776,"z":0.060875602066516879,"w":0.5547726154327393},"size":0.18049784004688264,"orthographic":false}