{"cameraMode":{"drawMode":0,"name":"Shaded","section":"Shading Mode"},"sceneLighting":true,"audioPlay":false,"sceneViewState":{"m_AlwaysRefresh":false,"showFog":true,"showSkybox":false,"showFlares":true,"showImageEffects":true,"showParticleSystems":true,"showVisualEffectGraphs":true,"m_FxEnabled":true},"in2DMode":false,"pivot":{"x":6.613083362579346,"y":4.169413089752197,"z":-2.2540135383605959},"rotation":{"x":-0.22477975487709046,"y":0.5303356647491455,"z":-0.14843782782554627,"w":-0.8039840459823608},"size":0.000017320508050033823,"orthographic":false}