{"cameraMode":{"drawMode":2,"name":"Shaded Wireframe","section":"Shading Mode"},"sceneLighting":false,"audioPlay":false,"sceneViewState":{"m_AlwaysRefresh":false,"showFog":true,"showSkybox":false,"showFlares":true,"showImageEffects":true,"showParticleSystems":true,"showVisualEffectGraphs":true,"m_FxEnabled":true},"in2DMode":false,"pivot":{"x":0.03587144613265991,"y":0.38447970151901247,"z":-0.009404927492141724},"rotation":{"x":-0.2653161287307739,"y":0.6218032836914063,"z":-0.23643828928470612,"w":-0.6979467272758484},"size":1.2372182607650757,"orthographic":false}