{"cameraMode":{"drawMode":0,"name":"Shaded","section":"Shading Mode"},"sceneLighting":false,"audioPlay":false,"sceneViewState":{"m_AlwaysRefresh":false,"showFog":true,"showSkybox":false,"showFlares":true,"showImageEffects":true,"showParticleSystems":true,"showVisualEffectGraphs":true,"m_FxEnabled":true},"in2DMode":false,"pivot":{"x":0.0390845388174057,"y":0.16483867168426515,"z":0.041428014636039737},"rotation":{"x":0.04056047275662422,"y":-0.8288553953170776,"z":0.060875602066516879,"w":0.5547726154327393},"size":0.29185089468955996,"orthographic":false}