{"cameraMode":{"drawMode":0,"name":"Shaded","section":"Shading Mode"},"sceneLighting":false,"audioPlay":false,"sceneViewState":{"m_AlwaysRefresh":false,"showFog":true,"showSkybox":false,"showFlares":true,"showImageEffects":true,"showParticleSystems":true,"showVisualEffectGraphs":true,"m_FxEnabled":true},"in2DMode":false,"pivot":{"x":0.9519789814949036,"y":0.08112692832946778,"z":0.17615880072116853},"rotation":{"x":-0.2528606057167053,"y":0.06488486379384995,"z":-0.017147427424788476,"w":-0.965277910232544},"size":7.733654975891113,"orthographic":false}