{"cameraMode":{"drawMode":0,"name":"Shaded","section":"Shading Mode"},"sceneLighting":true,"audioPlay":false,"sceneViewState":{"m_AlwaysRefresh":false,"showFog":true,"showSkybox":false,"showFlares":true,"showImageEffects":true,"showParticleSystems":true,"showVisualEffectGraphs":true,"m_FxEnabled":true},"in2DMode":false,"pivot":{"x":6.953814506530762,"y":3.7541871070861818,"z":8.849852561950684},"rotation":{"x":0.04735307767987251,"y":-0.9355610609054565,"z":0.1424090415239334,"w":0.3203441798686981},"size":0.000017320508050033823,"orthographic":false}