{"cameraMode":{"drawMode":0,"name":"Shaded","section":"Shading Mode"},"sceneLighting":false,"audioPlay":false,"sceneViewState":{"m_AlwaysRefresh":false,"showFog":true,"showSkybox":false,"showFlares":true,"showImageEffects":true,"showParticleSystems":true,"showVisualEffectGraphs":true,"m_FxEnabled":true},"in2DMode":false,"pivot":{"x":1.5674965381622315,"y":2.0144784450531008,"z":1.2758684158325196},"rotation":{"x":-0.10840299725532532,"y":0.8710808753967285,"z":-0.22294941544532777,"w":-0.42406415939331057},"size":1.2641857862472535,"orthographic":false}