{"cameraMode":{"drawMode":0,"name":"Shaded","section":"Shading Mode"},"sceneLighting":false,"audioPlay":false,"sceneViewState":{"m_AlwaysRefresh":false,"showFog":true,"showSkybox":false,"showFlares":true,"showImageEffects":true,"showParticleSystems":true,"showVisualEffectGraphs":true,"m_FxEnabled":true},"in2DMode":false,"pivot":{"x":-0.000662684440612793,"y":0.9383937120437622,"z":-0.04451572895050049},"rotation":{"x":-0.0896473377943039,"y":0.8695124983787537,"z":-0.17179973423480988,"w":-0.45438656210899355},"size":1.4689934253692628,"orthographic":false}