{"cameraMode":{"drawMode":0,"name":"Shaded","section":"Shading Mode"},"sceneLighting":false,"audioPlay":false,"sceneViewState":{"m_AlwaysRefresh":false,"showFog":true,"showSkybox":false,"showFlares":true,"showImageEffects":true,"showParticleSystems":true,"showVisualEffectGraphs":true,"m_FxEnabled":true},"in2DMode":false,"pivot":{"x":21.769283294677736,"y":20.667715072631837,"z":-13.034689903259278},"rotation":{"x":0.17428544163703919,"y":-0.4778079092502594,"z":0.09740711748600006,"w":0.8554741740226746},"size":5.474625110626221,"orthographic":false}