{"cameraMode":{"drawMode":0,"name":"Shaded","section":"Shading Mode"},"sceneLighting":false,"audioPlay":false,"sceneViewState":{"m_AlwaysRefresh":false,"showFog":true,"showSkybox":false,"showFlares":true,"showImageEffects":true,"showParticleSystems":true,"showVisualEffectGraphs":true,"m_FxEnabled":true},"in2DMode":false,"pivot":{"x":0.3136088252067566,"y":-1.4742670059204102,"z":1.8986639976501465},"rotation":{"x":-0.34399017691612246,"y":0.1383586972951889,"z":-0.051492854952812198,"w":-0.9274076223373413},"size":2.871890068054199,"orthographic":false}