{"cameraMode":{"drawMode":0,"name":"Shaded","section":"Shading Mode"},"sceneLighting":false,"audioPlay":false,"sceneViewState":{"m_AlwaysRefresh":false,"showFog":true,"showSkybox":false,"showFlares":true,"showImageEffects":true,"showParticleSystems":true,"showVisualEffectGraphs":true,"m_FxEnabled":true},"in2DMode":false,"pivot":{"x":-0.004958469420671463,"y":0.11940598487854004,"z":0.008143045008182526},"rotation":{"x":0.04056047275662422,"y":-0.8288553953170776,"z":0.060875602066516879,"w":0.5547726154327393},"size":0.1697322130203247,"orthographic":false}