{"cameraMode":{"drawMode":0,"name":"Shaded","section":"Shading Mode"},"sceneLighting":true,"audioPlay":false,"sceneViewState":{"m_AlwaysRefresh":false,"showFog":true,"showSkybox":true,"showFlares":true,"showImageEffects":true,"showParticleSystems":true,"showVisualEffectGraphs":true,"m_FxEnabled":true},"in2DMode":false,"pivot":{"x":0.7945168018341065,"y":0.8846438527107239,"z":5.264444828033447},"rotation":{"x":-0.3158901631832123,"y":0.49850887060165408,"z":-0.20197977125644685,"w":-0.7817157506942749},"size":1.8343486785888672,"orthographic":false}