{"cameraMode":{"drawMode":0,"name":"Shaded","section":"Shading Mode"},"sceneLighting":false,"audioPlay":false,"sceneViewState":{"m_AlwaysRefresh":false,"showFog":true,"showSkybox":false,"showFlares":true,"showImageEffects":true,"showParticleSystems":true,"showVisualEffectGraphs":true,"m_FxEnabled":true},"in2DMode":false,"pivot":{"x":6.537540912628174,"y":5.506450653076172,"z":4.529730319976807},"rotation":{"x":-0.1670054942369461,"y":0.7931906580924988,"z":-0.25042155385017397,"w":-0.5295801758766174},"size":0.000017320508050033823,"orthographic":false}