{"cameraMode":{"drawMode":0,"name":"Shaded","section":"Shading Mode"},"sceneLighting":false,"audioPlay":false,"sceneViewState":{"m_AlwaysRefresh":false,"showFog":true,"showSkybox":false,"showFlares":true,"showImageEffects":true,"showParticleSystems":true,"showVisualEffectGraphs":true,"m_FxEnabled":true},"in2DMode":false,"pivot":{"x":1.1851146221160889,"y":0.19362306594848634,"z":0.3271341323852539},"rotation":{"x":-0.31934860348701479,"y":0.032311491668224338,"z":-0.011064033955335617,"w":-0.9471312761306763},"size":3.963531017303467,"orthographic":false}