{"cameraMode":{"drawMode":2,"name":"Shaded Wireframe","section":"Shading Mode"},"sceneLighting":false,"audioPlay":false,"sceneViewState":{"m_AlwaysRefresh":false,"showFog":true,"showSkybox":false,"showFlares":true,"showImageEffects":true,"showParticleSystems":true,"showVisualEffectGraphs":true,"m_FxEnabled":true},"in2DMode":false,"pivot":{"x":0.030239343643188478,"y":1.7922298908233643,"z":0.059662461280822757},"rotation":{"x":-0.2653161287307739,"y":0.6218032836914063,"z":-0.23643828928470612,"w":-0.6979467272758484},"size":2.942378282546997,"orthographic":false}