{"cameraMode":{"drawMode":0,"name":"Shaded","section":"Shading Mode"},"sceneLighting":true,"audioPlay":false,"sceneViewState":{"m_AlwaysRefresh":false,"showFog":true,"showSkybox":true,"showFlares":true,"showImageEffects":true,"showParticleSystems":true,"showVisualEffectGraphs":true,"m_FxEnabled":true},"in2DMode":false,"pivot":{"x":7.302640914916992,"y":0.7387819290161133,"z":17.96627426147461},"rotation":{"x":-0.24254946410655976,"y":0.20534498989582063,"z":-0.05260969698429108,"w":-0.9467008113861084},"size":1.4068725109100342,"orthographic":false}