{"cameraMode":{"drawMode":0,"name":"Shaded","section":"Shading Mode"},"sceneLighting":false,"audioPlay":false,"sceneViewState":{"m_AlwaysRefresh":false,"showFog":true,"showSkybox":false,"showFlares":true,"showImageEffects":true,"showParticleSystems":true,"showVisualEffectGraphs":true,"m_FxEnabled":true},"in2DMode":false,"pivot":{"x":6.482234001159668,"y":6.187449932098389,"z":3.4592812061309816},"rotation":{"x":-0.21100780367851258,"y":0.7605735063552856,"z":-0.3151121735572815,"w":-0.5275724530220032},"size":0.000017320508050033823,"orthographic":false}