{"cameraMode":{"drawMode":0,"name":"Shaded","section":"Shading Mode"},"sceneLighting":false,"audioPlay":false,"sceneViewState":{"m_AlwaysRefresh":false,"showFog":true,"showSkybox":false,"showFlares":true,"showImageEffects":true,"showParticleSystems":true,"showVisualEffectGraphs":true,"m_FxEnabled":true},"in2DMode":false,"pivot":{"x":1.642285943031311,"y":3.2134616374969484,"z":7.207425594329834},"rotation":{"x":0.049957308918237689,"y":-0.9264491200447083,"z":0.3484618365764618,"w":0.13394226133823396},"size":1.2186057567596436,"orthographic":false}