{"cameraMode":{"drawMode":0,"name":"Shaded","section":"Shading Mode"},"sceneLighting":false,"audioPlay":false,"sceneViewState":{"m_AlwaysRefresh":false,"showFog":true,"showSkybox":false,"showFlares":true,"showImageEffects":true,"showParticleSystems":true,"showVisualEffectGraphs":true,"m_FxEnabled":true},"in2DMode":false,"pivot":{"x":8.312921524047852,"y":3.6462788581848146,"z":0.023265797644853593},"rotation":{"x":0.0977783128619194,"y":-0.6888582110404968,"z":0.09464995563030243,"w":0.7120072245597839},"size":1.3998959064483643,"orthographic":false}