{"cameraMode":{"drawMode":0,"name":"Shaded","section":"Shading Mode"},"sceneLighting":false,"audioPlay":false,"sceneViewState":{"m_AlwaysRefresh":false,"showFog":true,"showSkybox":false,"showFlares":true,"showImageEffects":true,"showParticleSystems":true,"showVisualEffectGraphs":true,"m_FxEnabled":true},"in2DMode":false,"pivot":{"x":1.3457553386688233,"y":1.8913512229919434,"z":2.025455951690674},"rotation":{"x":-0.09648992866277695,"y":0.9009621143341065,"z":-0.2613297998905182,"w":-0.33265870809555056},"size":0.0005173205281607807,"orthographic":false}