{"cameraMode":{"drawMode":0,"name":"Shaded","section":"Shading Mode"},"sceneLighting":true,"audioPlay":false,"sceneViewState":{"m_AlwaysRefresh":false,"showFog":true,"showSkybox":true,"showFlares":true,"showImageEffects":true,"showParticleSystems":true,"showVisualEffectGraphs":true,"m_FxEnabled":true},"in2DMode":false,"pivot":{"x":1.0288991928100587,"y":2.3037095069885256,"z":2.726374626159668},"rotation":{"x":-0.015346317552030087,"y":-0.9567899107933044,"z":0.28563395142555239,"w":-0.05142375826835632},"size":5.000612258911133,"orthographic":false}