{"cameraMode":{"drawMode":0,"name":"Shaded","section":"Shading Mode"},"sceneLighting":true,"audioPlay":false,"sceneViewState":{"m_AlwaysRefresh":false,"showFog":true,"showSkybox":true,"showFlares":true,"showImageEffects":true,"showParticleSystems":true,"showVisualEffectGraphs":true,"m_FxEnabled":true},"in2DMode":false,"pivot":{"x":0.4064502418041229,"y":6.627017498016357,"z":-6.38168478012085},"rotation":{"x":-0.40903276205062868,"y":-0.060522519052028659,"z":0.020899739116430284,"w":-0.9106135964393616},"size":0.000017320508050033823,"orthographic":false}