{"cameraMode":{"drawMode":0,"name":"Shaded","section":"Shading Mode"},"sceneLighting":true,"audioPlay":false,"sceneViewState":{"m_AlwaysRefresh":false,"showFog":true,"showSkybox":true,"showFlares":true,"showImageEffects":true,"showParticleSystems":true,"showVisualEffectGraphs":true,"m_FxEnabled":true},"in2DMode":false,"pivot":{"x":-0.8423351645469666,"y":-9.450719833374024,"z":13.958349227905274},"rotation":{"x":-0.39533618092536929,"y":0.061068009585142139,"z":-0.026364779099822046,"w":-0.9160776734352112},"size":13.169870376586914,"orthographic":false}