{"cameraMode":{"drawMode":0,"name":"Shaded","section":"Shading Mode"},"sceneLighting":true,"audioPlay":false,"sceneViewState":{"m_AlwaysRefresh":false,"showFog":true,"showSkybox":true,"showFlares":true,"showImageEffects":true,"showParticleSystems":true,"showVisualEffectGraphs":true,"m_FxEnabled":true},"in2DMode":false,"pivot":{"x":-1.8283947706222535,"y":0.5074306130409241,"z":-8.421269416809082},"rotation":{"x":0.09771301597356796,"y":-0.8607805967330933,"z":0.19618098437786103,"w":0.4600773751735687},"size":0.8660253882408142,"orthographic":false}