{"cameraMode":{"drawMode":0,"name":"Shaded","section":"Shading Mode"},"sceneLighting":true,"audioPlay":false,"sceneViewState":{"m_AlwaysRefresh":false,"showFog":true,"showSkybox":true,"showFlares":true,"showImageEffects":true,"showParticleSystems":true,"showVisualEffectGraphs":true,"m_FxEnabled":true},"in2DMode":false,"pivot":{"x":0.8040751814842224,"y":7.493424415588379,"z":-7.292062282562256},"rotation":{"x":-0.3864806592464447,"y":0.05373075604438782,"z":-0.02877434529364109,"w":-0.9206212162971497},"size":0.000017320508050033823,"orthographic":false}