{"cameraMode":{"drawMode":0,"name":"Shaded","section":"Shading Mode"},"sceneLighting":false,"audioPlay":false,"sceneViewState":{"m_AlwaysRefresh":false,"showFog":true,"showSkybox":false,"showFlares":true,"showImageEffects":true,"showParticleSystems":true,"showVisualEffectGraphs":true,"m_FxEnabled":true},"in2DMode":false,"pivot":{"x":0.016491413116455079,"y":5.1371331214904789,"z":-0.11960315704345703},"rotation":{"x":0.11864890903234482,"y":-0.4675426185131073,"z":0.06355727463960648,"w":0.8736628890037537},"size":3.3715388774871828,"orthographic":false}