{"cameraMode":{"drawMode":0,"name":"Shaded","section":"Shading Mode"},"sceneLighting":false,"audioPlay":false,"sceneViewState":{"m_AlwaysRefresh":false,"showFog":true,"showSkybox":false,"showFlares":true,"showImageEffects":true,"showParticleSystems":true,"showVisualEffectGraphs":true,"m_FxEnabled":true},"in2DMode":false,"pivot":{"x":-1.7376950979232789,"y":4.501636505126953,"z":-4.606579780578613},"rotation":{"x":-0.32852229475975039,"y":-0.2871716618537903,"z":0.10537349432706833,"w":-0.8937042355537415},"size":0.000017320508050033823,"orthographic":false}