{"cameraMode":{"drawMode":0,"name":"Shaded","section":"Shading Mode"},"sceneLighting":false,"audioPlay":false,"sceneViewState":{"m_AlwaysRefresh":false,"showFog":true,"showSkybox":false,"showFlares":true,"showImageEffects":true,"showParticleSystems":true,"showVisualEffectGraphs":true,"m_FxEnabled":true},"in2DMode":false,"pivot":{"x":0.12540245056152345,"y":2.394310235977173,"z":0.012617349624633789},"rotation":{"x":0.11864890903234482,"y":-0.4675426185131073,"z":0.06355727463960648,"w":0.8736628890037537},"size":21.789649963378908,"orthographic":false}