{"cameraMode":{"drawMode":0,"name":"Shaded","section":"Shading Mode"},"sceneLighting":false,"audioPlay":false,"sceneViewState":{"m_AlwaysRefresh":false,"showFog":true,"showSkybox":false,"showFlares":true,"showImageEffects":true,"showParticleSystems":true,"showVisualEffectGraphs":true,"m_FxEnabled":true},"in2DMode":false,"pivot":{"x":2.384185791015625e-7,"y":0.550690770149231,"z":0.04747089743614197},"rotation":{"x":0.008026473224163056,"y":-0.9761435985565186,"z":0.03662249818444252,"w":0.2138802409172058},"size":1.0748721361160279,"orthographic":false}