{"cameraMode":{"drawMode":0,"name":"Shaded","section":"Shading Mode"},"sceneLighting":false,"audioPlay":false,"sceneViewState":{"m_AlwaysRefresh":false,"showFog":true,"showSkybox":false,"showFlares":true,"showImageEffects":true,"showParticleSystems":true,"showVisualEffectGraphs":true,"m_FxEnabled":true},"in2DMode":false,"pivot":{"x":0.06329727172851563,"y":3.2141635417938234,"z":-0.25708508491516116},"rotation":{"x":0.17428544163703919,"y":-0.4778079092502594,"z":0.09740711748600006,"w":0.8554741740226746},"size":4.3047332763671879,"orthographic":false}