{"cameraMode":{"drawMode":0,"name":"Shaded","section":"Shading Mode"},"sceneLighting":false,"audioPlay":false,"sceneViewState":{"m_AlwaysRefresh":false,"showFog":true,"showSkybox":false,"showFlares":true,"showImageEffects":true,"showParticleSystems":true,"showVisualEffectGraphs":true,"m_FxEnabled":true},"in2DMode":false,"pivot":{"x":0.06901675462722779,"y":0.2516218423843384,"z":-0.0029432177543640138},"rotation":{"x":0.14116553962230683,"y":-0.6878452897071838,"z":0.13910694420337678,"w":0.6982767581939697},"size":21.51799201965332,"orthographic":false}