{"cameraMode":{"drawMode":0,"name":"Shaded","section":"Shading Mode"},"sceneLighting":true,"audioPlay":false,"sceneViewState":{"m_AlwaysRefresh":false,"showFog":true,"showSkybox":false,"showFlares":true,"showImageEffects":true,"showParticleSystems":true,"showVisualEffectGraphs":true,"m_FxEnabled":true},"in2DMode":false,"pivot":{"x":0.3627166748046875,"y":-0.08591461181640625,"z":2.4190285205841066},"rotation":{"x":-0.21400108933448792,"y":0.6039284467697144,"z":-0.17293797433376313,"w":-0.7481803894042969},"size":8.418806076049805,"orthographic":false}