{"cameraMode":{"drawMode":0,"name":"Shaded","section":"Shading Mode"},"sceneLighting":false,"audioPlay":false,"sceneViewState":{"m_AlwaysRefresh":false,"showFog":true,"showSkybox":false,"showFlares":true,"showImageEffects":true,"showParticleSystems":true,"showVisualEffectGraphs":true,"m_FxEnabled":true},"in2DMode":false,"pivot":{"x":14.561348915100098,"y":7.933776378631592,"z":-8.567636489868164},"rotation":{"x":0.09506791830062866,"y":-0.4899076819419861,"z":0.053912509232759479,"w":0.8648963570594788},"size":4.3047332763671879,"orthographic":false}