{"cameraMode":{"drawMode":0,"name":"Shaded","section":"Shading Mode"},"sceneLighting":false,"audioPlay":false,"sceneViewState":{"m_AlwaysRefresh":false,"showFog":true,"showSkybox":false,"showFlares":true,"showImageEffects":true,"showParticleSystems":true,"showVisualEffectGraphs":true,"m_FxEnabled":true},"in2DMode":false,"pivot":{"x":4.214604377746582,"y":2.6533987522125246,"z":-0.3106306493282318},"rotation":{"x":-0.20734786987304688,"y":0.6214620471000671,"z":-0.17554882168769837,"w":-0.7349725961685181},"size":0.000017320508050033823,"orthographic":false}