{"cameraMode":{"drawMode":0,"name":"Shaded","section":"Shading Mode"},"sceneLighting":false,"audioPlay":false,"sceneViewState":{"m_AlwaysRefresh":false,"showFog":true,"showSkybox":false,"showFlares":true,"showImageEffects":true,"showParticleSystems":true,"showVisualEffectGraphs":true,"m_FxEnabled":true},"in2DMode":false,"pivot":{"x":0.08187273144721985,"y":0.13024815917015077,"z":0.12930428981781007},"rotation":{"x":-0.22073303163051606,"y":0.1726861149072647,"z":-0.039888639003038409,"w":-0.9592037796974182},"size":0.4056459665298462,"orthographic":false}