{"cameraMode":{"drawMode":0,"name":"Shaded","section":"Shading Mode"},"sceneLighting":false,"audioPlay":false,"sceneViewState":{"m_AlwaysRefresh":false,"showFog":true,"showSkybox":false,"showFlares":true,"showImageEffects":true,"showParticleSystems":true,"showVisualEffectGraphs":true,"m_FxEnabled":true},"in2DMode":false,"pivot":{"x":4.271847724914551,"y":5.622628211975098,"z":-7.487804412841797},"rotation":{"x":-0.28222548961639407,"y":0.2132091224193573,"z":-0.06464661657810211,"w":-0.9332311153411865},"size":0.000017320508050033823,"orthographic":false}