{"cameraMode":{"drawMode":0,"name":"Shaded","section":"Shading Mode"},"sceneLighting":false,"audioPlay":false,"sceneViewState":{"m_AlwaysRefresh":false,"showFog":true,"showSkybox":false,"showFlares":true,"showImageEffects":true,"showParticleSystems":true,"showVisualEffectGraphs":true,"m_FxEnabled":true},"in2DMode":false,"pivot":{"x":2.542440176010132,"y":5.7118377685546879,"z":-6.8638458251953129},"rotation":{"x":-0.33606791496276858,"y":0.13043653964996339,"z":-0.0472232811152935,"w":-0.931676983833313},"size":0.000017320508050033823,"orthographic":false}