{"cameraMode":{"drawMode":0,"name":"Shaded","section":"Shading Mode"},"sceneLighting":false,"audioPlay":false,"sceneViewState":{"m_AlwaysRefresh":false,"showFog":true,"showSkybox":false,"showFlares":true,"showImageEffects":true,"showParticleSystems":true,"showVisualEffectGraphs":true,"m_FxEnabled":true},"in2DMode":false,"pivot":{"x":1.6409096717834473,"y":0.4236936569213867,"z":0.3646659851074219},"rotation":{"x":-0.26050466299057009,"y":0.03582754731178284,"z":-0.009829488582909108,"w":-0.9648624062538147},"size":7.5011305809021,"orthographic":false}