{"cameraMode":{"drawMode":0,"name":"Shaded","section":"Shading Mode"},"sceneLighting":true,"audioPlay":false,"sceneViewState":{"m_AlwaysRefresh":false,"showFog":true,"showSkybox":false,"showFlares":true,"showImageEffects":true,"showParticleSystems":true,"showVisualEffectGraphs":true,"m_FxEnabled":true},"in2DMode":false,"pivot":{"x":-0.025331564247608186,"y":-4.547749042510986,"z":13.10483169555664},"rotation":{"x":-0.20170417428016663,"y":0.07595321536064148,"z":-0.015831833705306054,"w":-0.9764764904975891},"size":8.418806076049805,"orthographic":false}