{"cameraMode":{"drawMode":0,"name":"Shaded","section":"Shading Mode"},"sceneLighting":false,"audioPlay":false,"sceneViewState":{"m_AlwaysRefresh":false,"showFog":true,"showSkybox":false,"showFlares":true,"showImageEffects":true,"showParticleSystems":true,"showVisualEffectGraphs":true,"m_FxEnabled":true},"in2DMode":false,"pivot":{"x":5.195933818817139,"y":3.4120306968688967,"z":-5.62393045425415},"rotation":{"x":-0.25064408779144289,"y":0.14277422428131104,"z":-0.03755054622888565,"w":-0.9568633437156677},"size":0.000017320508050033823,"orthographic":false}