{"cameraMode":{"drawMode":0,"name":"Shaded","section":"Shading Mode"},"sceneLighting":false,"audioPlay":false,"sceneViewState":{"m_AlwaysRefresh":false,"showFog":true,"showSkybox":false,"showFlares":true,"showImageEffects":true,"showParticleSystems":true,"showVisualEffectGraphs":true,"m_FxEnabled":true},"in2DMode":false,"pivot":{"x":-0.10744476318359375,"y":0.06086382269859314,"z":-0.0537494421005249},"rotation":{"x":0.02779066003859043,"y":-0.8641612529754639,"z":0.04836961627006531,"w":0.5002350211143494},"size":1.9503440856933594,"orthographic":false}