{"cameraMode":{"drawMode":0,"name":"Shaded","section":"Shading Mode"},"sceneLighting":false,"audioPlay":false,"sceneViewState":{"m_AlwaysRefresh":false,"showFog":true,"showSkybox":false,"showFlares":true,"showImageEffects":true,"showParticleSystems":true,"showVisualEffectGraphs":true,"m_FxEnabled":true},"in2DMode":false,"pivot":{"x":0.3076510727405548,"y":0.009202220477163792,"z":0.6407301425933838},"rotation":{"x":-0.09814633429050446,"y":0.3749944269657135,"z":-0.040096547454595569,"w":-0.9210566282272339},"size":1.8428634405136109,"orthographic":false}