{"cameraMode":{"drawMode":0,"name":"Shaded","section":"Shading Mode"},"sceneLighting":false,"audioPlay":false,"sceneViewState":{"m_AlwaysRefresh":false,"showFog":true,"showSkybox":false,"showFlares":true,"showImageEffects":true,"showParticleSystems":true,"showVisualEffectGraphs":true,"m_FxEnabled":true},"in2DMode":false,"pivot":{"x":6.454245090484619,"y":3.1078083515167238,"z":11.71718692779541},"rotation":{"x":-0.023478806018829347,"y":0.9762550592422485,"z":-0.16229043900966645,"w":-0.14222799241542817},"size":0.9273618459701538,"orthographic":false}