{"cameraMode":{"drawMode":0,"name":"Shaded","section":"Shading Mode"},"sceneLighting":false,"audioPlay":false,"sceneViewState":{"m_AlwaysRefresh":false,"showFog":true,"showSkybox":false,"showFlares":true,"showImageEffects":true,"showParticleSystems":true,"showVisualEffectGraphs":true,"m_FxEnabled":true},"in2DMode":false,"pivot":{"x":5.5109429359436039,"y":1.6264349222183228,"z":8.715343475341797},"rotation":{"x":0.0054799290373921398,"y":0.9766172170639038,"z":-0.21398916840553285,"w":0.02424599416553974},"size":0.9273618459701538,"orthographic":false}