{"cameraMode":{"drawMode":0,"name":"Shaded","section":"Shading Mode"},"sceneLighting":false,"audioPlay":false,"sceneViewState":{"m_AlwaysRefresh":false,"showFog":true,"showSkybox":false,"showFlares":true,"showImageEffects":true,"showParticleSystems":true,"showVisualEffectGraphs":true,"m_FxEnabled":true},"in2DMode":false,"pivot":{"x":-0.016666889190673829,"y":7.959707260131836,"z":-0.06392908096313477},"rotation":{"x":0.19167742133140565,"y":-0.4894771873950958,"z":0.11130991578102112,"w":0.8433753252029419},"size":4.961474895477295,"orthographic":false}