{"cameraMode":{"drawMode":0,"name":"Shaded","section":"Shading Mode"},"sceneLighting":false,"audioPlay":false,"sceneViewState":{"m_AlwaysRefresh":false,"showFog":true,"showSkybox":false,"showFlares":true,"showImageEffects":true,"showParticleSystems":true,"showVisualEffectGraphs":true,"m_FxEnabled":true},"in2DMode":false,"pivot":{"x":-4.007957935333252,"y":-1.3197147846221924,"z":0.09329188615083695},"rotation":{"x":-0.10042507201433182,"y":0.8006280064582825,"z":-0.14032666385173798,"w":-0.5739542245864868},"size":4.9190239906311039,"orthographic":false}