{"cameraMode":{"drawMode":2,"name":"Shaded Wireframe","section":"Shading Mode"},"sceneLighting":false,"audioPlay":false,"sceneViewState":{"m_AlwaysRefresh":false,"showFog":true,"showSkybox":false,"showFlares":true,"showImageEffects":true,"showParticleSystems":true,"showVisualEffectGraphs":true,"m_FxEnabled":true},"in2DMode":false,"pivot":{"x":0.47616517543792727,"y":0.17415933310985566,"z":1.4170950651168824},"rotation":{"x":-0.31696826219558718,"y":0.21809743344783784,"z":-0.07519162446260452,"w":-0.9199866056442261},"size":2.5874135494232179,"orthographic":false}