{"cameraMode":{"drawMode":0,"name":"Shaded","section":"Shading Mode"},"sceneLighting":false,"audioPlay":false,"sceneViewState":{"m_AlwaysRefresh":false,"showFog":true,"showSkybox":false,"showFlares":true,"showImageEffects":true,"showParticleSystems":true,"showVisualEffectGraphs":true,"m_FxEnabled":true},"in2DMode":false,"pivot":{"x":0.5771880745887756,"y":1.1938164234161378,"z":82.4137191772461},"rotation":{"x":-0.10797666758298874,"y":0.8783112168312073,"z":-0.25723937153816225,"w":-0.38898733258247378},"size":0.5448623895645142,"orthographic":false}