{"cameraMode":{"drawMode":0,"name":"Shaded","section":"Shading Mode"},"sceneLighting":true,"audioPlay":false,"sceneViewState":{"m_AlwaysRefresh":false,"showFog":true,"showSkybox":false,"showFlares":true,"showImageEffects":true,"showParticleSystems":true,"showVisualEffectGraphs":true,"m_FxEnabled":true},"in2DMode":false,"pivot":{"x":6.730443477630615,"y":4.810033321380615,"z":-3.9914004802703859},"rotation":{"x":-0.21930693089962007,"y":0.358335942029953,"z":-0.08714593946933747,"w":-0.9033889174461365},"size":0.0010173205519095064,"orthographic":false}