{"cameraMode":{"drawMode":0,"name":"Shaded","section":"Shading Mode"},"sceneLighting":true,"audioPlay":false,"sceneViewState":{"m_AlwaysRefresh":false,"showFog":true,"showSkybox":true,"showFlares":true,"showImageEffects":true,"showParticleSystems":true,"showVisualEffectGraphs":true,"m_FxEnabled":true},"in2DMode":false,"pivot":{"x":7.812817573547363,"y":2.0300076007843019,"z":17.34629249572754},"rotation":{"x":-0.06607507169246674,"y":-0.11795073002576828,"z":-0.007870093919336796,"w":0.9907980561256409},"size":1.128946304321289,"orthographic":false}