{"cameraMode":{"drawMode":0,"name":"Shaded","section":"Shading Mode"},"sceneLighting":true,"audioPlay":false,"sceneViewState":{"m_AlwaysRefresh":false,"showFog":true,"showSkybox":false,"showFlares":true,"showImageEffects":true,"showParticleSystems":true,"showVisualEffectGraphs":true,"m_FxEnabled":true},"in2DMode":false,"pivot":{"x":2.802048683166504,"y":0.6448614001274109,"z":-1.2482202053070069},"rotation":{"x":-0.27580153942108157,"y":0.15451639890670777,"z":-0.045119740068912509,"w":-0.9477508664131165},"size":5.868187427520752,"orthographic":false}