{"cameraMode":{"drawMode":0,"name":"Shaded","section":"Shading Mode"},"sceneLighting":false,"audioPlay":false,"sceneViewState":{"m_AlwaysRefresh":false,"showFog":true,"showSkybox":false,"showFlares":true,"showImageEffects":true,"showParticleSystems":true,"showVisualEffectGraphs":true,"m_FxEnabled":true},"in2DMode":false,"pivot":{"x":0.7885642647743225,"y":1.0495938062667847,"z":0.5045628547668457},"rotation":{"x":0.05133262649178505,"y":-0.9486336708068848,"z":0.22522090375423432,"w":0.21621833741664887},"size":0.5885195136070252,"orthographic":false}