{"cameraMode":{"drawMode":0,"name":"Shaded","section":"Shading Mode"},"sceneLighting":true,"audioPlay":false,"sceneViewState":{"m_AlwaysRefresh":false,"showFog":true,"showSkybox":false,"showFlares":true,"showImageEffects":true,"showParticleSystems":true,"showVisualEffectGraphs":true,"m_FxEnabled":true},"in2DMode":false,"pivot":{"x":1.8260902166366578,"y":-1.4044835567474366,"z":4.037559509277344},"rotation":{"x":-0.21922102570533753,"y":0.07711471617221832,"z":-0.017526287585496904,"w":-0.9725729823112488},"size":8.418806076049805,"orthographic":false}