{"cameraMode":{"drawMode":0,"name":"Shaded","section":"Shading Mode"},"sceneLighting":false,"audioPlay":false,"sceneViewState":{"m_AlwaysRefresh":false,"showFog":true,"showSkybox":false,"showFlares":true,"showImageEffects":true,"showParticleSystems":true,"showVisualEffectGraphs":true,"m_FxEnabled":true},"in2DMode":false,"pivot":{"x":2.8312206268310549e-7,"y":0.10249108821153641,"z":0.007579680532217026},"rotation":{"x":0.04056047275662422,"y":-0.8288553953170776,"z":0.060875602066516879,"w":0.5547726154327393},"size":0.19927144050598145,"orthographic":false}