{"cameraMode":{"drawMode":0,"name":"Shaded","section":"Shading Mode"},"sceneLighting":false,"audioPlay":false,"sceneViewState":{"m_AlwaysRefresh":false,"showFog":true,"showSkybox":false,"showFlares":true,"showImageEffects":true,"showParticleSystems":true,"showVisualEffectGraphs":true,"m_FxEnabled":true},"in2DMode":false,"pivot":{"x":3.0610058307647707,"y":2.687203884124756,"z":2.703890323638916},"rotation":{"x":-0.14626166224479676,"y":0.8198807239532471,"z":-0.2408381551504135,"w":-0.49860891699790957},"size":0.000017320508050033823,"orthographic":false}