{"cameraMode":{"drawMode":0,"name":"Shaded","section":"Shading Mode"},"sceneLighting":false,"audioPlay":false,"sceneViewState":{"m_AlwaysRefresh":false,"showFog":true,"showSkybox":false,"showFlares":true,"showImageEffects":true,"showParticleSystems":true,"showVisualEffectGraphs":true,"m_FxEnabled":true},"in2DMode":false,"pivot":{"x":0.19938135147094727,"y":3.282649517059326,"z":0.003765106201171875},"rotation":{"x":0.14116553962230683,"y":-0.6878452897071838,"z":0.13910694420337678,"w":0.6982767581939697},"size":6.471147060394287,"orthographic":false}