{"cameraMode":{"drawMode":0,"name":"Shaded","section":"Shading Mode"},"sceneLighting":false,"audioPlay":false,"sceneViewState":{"m_AlwaysRefresh":false,"showFog":true,"showSkybox":false,"showFlares":true,"showImageEffects":true,"showParticleSystems":true,"showVisualEffectGraphs":true,"m_FxEnabled":true},"in2DMode":false,"pivot":{"x":3.768172264099121,"y":1.1116909980773926,"z":5.797618865966797},"rotation":{"x":-0.041679780930280688,"y":0.029623419046401979,"z":-0.0013563540996983648,"w":-0.998794674873352},"size":5.248229026794434,"orthographic":false}