{"cameraMode":{"drawMode":0,"name":"Shaded","section":"Shading Mode"},"sceneLighting":false,"audioPlay":false,"sceneViewState":{"m_AlwaysRefresh":false,"showFog":true,"showSkybox":false,"showFlares":true,"showImageEffects":true,"showParticleSystems":true,"showVisualEffectGraphs":true,"m_FxEnabled":true},"in2DMode":false,"pivot":{"x":2.094233989715576,"y":6.076291561126709,"z":-11.76193618774414},"rotation":{"x":-0.23215289413928986,"y":0.0855928435921669,"z":-0.020659787580370904,"w":-0.9687910079956055},"size":0.000017320508050033823,"orthographic":false}