{"cameraMode":{"drawMode":0,"name":"Shaded","section":"Shading Mode"},"sceneLighting":true,"audioPlay":false,"sceneViewState":{"m_AlwaysRefresh":false,"showFog":true,"showSkybox":false,"showFlares":true,"showImageEffects":true,"showParticleSystems":true,"showVisualEffectGraphs":true,"m_FxEnabled":true},"in2DMode":false,"pivot":{"x":4.0547380447387699,"y":-10.35958194732666,"z":12.760605812072754},"rotation":{"x":-0.32111307978630068,"y":-0.12209321558475495,"z":0.04163634404540062,"w":-0.9383252859115601},"size":11.010985374450684,"orthographic":false}