{"cameraMode":{"drawMode":0,"name":"Shaded","section":"Shading Mode"},"sceneLighting":true,"audioPlay":false,"sceneViewState":{"m_AlwaysRefresh":false,"showFog":true,"showSkybox":false,"showFlares":true,"showImageEffects":true,"showParticleSystems":true,"showVisualEffectGraphs":true,"m_FxEnabled":true},"in2DMode":false,"pivot":{"x":-1.8037580251693726,"y":-75.78256225585938,"z":-81.93840789794922},"rotation":{"x":0.0037602237425744535,"y":-0.931645929813385,"z":0.36350807547569277,"w":0.010179114528000355},"size":61.31460189819336,"orthographic":false}