{"cameraMode":{"drawMode":0,"name":"Shaded","section":"Shading Mode"},"sceneLighting":false,"audioPlay":false,"sceneViewState":{"m_AlwaysRefresh":false,"showFog":true,"showSkybox":false,"showFlares":true,"showImageEffects":true,"showParticleSystems":true,"showVisualEffectGraphs":true,"m_FxEnabled":true},"in2DMode":false,"pivot":{"x":7.021450042724609,"y":4.816830635070801,"z":0.578554093837738},"rotation":{"x":-0.2075646072626114,"y":0.6688905954360962,"z":-0.20309412479400636,"w":-0.6844454407691956},"size":0.000017320508050033823,"orthographic":false}