{"cameraMode":{"drawMode":0,"name":"Shaded","section":"Shading Mode"},"sceneLighting":true,"audioPlay":false,"sceneViewState":{"m_AlwaysRefresh":false,"showFog":true,"showSkybox":true,"showFlares":true,"showImageEffects":true,"showParticleSystems":true,"showVisualEffectGraphs":true,"m_FxEnabled":true},"in2DMode":false,"pivot":{"x":-24.706640243530275,"y":-2.152543306350708,"z":8.509241104125977},"rotation":{"x":0.11867355555295944,"y":-0.7521880865097046,"z":0.14107654988765717,"w":0.6326646208763123},"size":17.783666610717775,"orthographic":true}