{"cameraMode":{"drawMode":0,"name":"Shaded","section":"Shading Mode"},"sceneLighting":false,"audioPlay":false,"sceneViewState":{"m_AlwaysRefresh":false,"showFog":true,"showSkybox":false,"showFlares":true,"showImageEffects":true,"showParticleSystems":true,"showVisualEffectGraphs":true,"m_FxEnabled":true},"in2DMode":false,"pivot":{"x":2.935215473175049,"y":2.594128370285034,"z":-2.9514431953430177},"rotation":{"x":-0.28334367275238039,"y":0.19637806713581086,"z":-0.05955136567354202,"w":-0.9369139075279236},"size":0.000017320508050033823,"orthographic":false}