{"cameraMode":{"drawMode":0,"name":"Shaded","section":"Shading Mode"},"sceneLighting":false,"audioPlay":false,"sceneViewState":{"m_AlwaysRefresh":false,"showFog":true,"showSkybox":false,"showFlares":true,"showImageEffects":true,"showParticleSystems":true,"showVisualEffectGraphs":true,"m_FxEnabled":true},"in2DMode":false,"pivot":{"x":2.0281519889831545,"y":1.774719476699829,"z":-3.593478202819824},"rotation":{"x":-0.22520141303539277,"y":0.1292731761932373,"z":-0.03030141443014145,"w":-0.9653279781341553},"size":0.000017320508050033823,"orthographic":false}